{
	"format_version": "1.12.0",
	"minecraft:geometry": [
		{
			"description": {
				"identifier": "geometry.minecart.v1.8",
				"texture_width": 128,
				"texture_height": 128,
				"visible_bounds_width": 4,
				"visible_bounds_height": 2.5,
				"visible_bounds_offset": [0, 0.75, 0]
			},
			"bones": [
				{
					"name": "root",
					"pivot": [0, 22.4, 0]
				},
				{
					"name": "bottom",
					"parent": "root",
					"pivot": [0, 18.4, 0],
					"rotation": [90, 0, 0]
				},
				{
					"name": "back",
					"parent": "root",
					"pivot": [-9, 18.4, 0.2],
					"rotation": [0, 270, 0]
				},
				{
					"name": "bone13",
					"parent": "back",
					"pivot": [-22.3, 18.4, 0.2],
					"cubes": [
						{
							"origin": [-16.2, 9.4, -14.8],
							"size": [1, 1, 1],
							"uv": {
								"north": {"uv": [0, 98], "uv_size": [30, 30]},
								"east": {"uv": [0, 98], "uv_size": [30, 30]},
								"south": {"uv": [0, 98], "uv_size": [30, 30]},
								"west": {"uv": [0, 98], "uv_size": [30, 30]},
								"up": {"uv": [30, 128], "uv_size": [-30, -30]},
								"down": {"uv": [30, 128], "uv_size": [-30, -30]}
							}
						},
						{
							"origin": [-16.2, 9.9, -14.8],
							"size": [1, 1, 12],
							"uv": {
								"north": {"uv": [0, 98], "uv_size": [30, 30]},
								"east": {"uv": [0, 98], "uv_size": [30, 30]},
								"south": {"uv": [0, 98], "uv_size": [30, 30]},
								"west": {"uv": [0, 98], "uv_size": [30, 30]},
								"up": {"uv": [30, 128], "uv_size": [-30, -30]},
								"down": {"uv": [30, 128], "uv_size": [-30, -30]}
							}
						},
						{
							"origin": [-16.2, 9.4, -3.8],
							"size": [1, 1, 1],
							"uv": {
								"north": {"uv": [0, 98], "uv_size": [30, 30]},
								"east": {"uv": [0, 98], "uv_size": [30, 30]},
								"south": {"uv": [0, 98], "uv_size": [30, 30]},
								"west": {"uv": [0, 98], "uv_size": [30, 30]},
								"up": {"uv": [30, 128], "uv_size": [-30, -30]},
								"down": {"uv": [30, 128], "uv_size": [-30, -30]}
							}
						}
					]
				},
				{
					"name": "bone11",
					"parent": "back",
					"pivot": [-9.3, 18.4, 0.2],
					"cubes": [
						{
							"origin": [-3.2, 9.4, -14.8],
							"size": [1, 1, 1],
							"uv": {
								"north": {"uv": [0, 98], "uv_size": [30, 30]},
								"east": {"uv": [0, 98], "uv_size": [30, 30]},
								"south": {"uv": [0, 98], "uv_size": [30, 30]},
								"west": {"uv": [0, 98], "uv_size": [30, 30]},
								"up": {"uv": [30, 128], "uv_size": [-30, -30]},
								"down": {"uv": [30, 128], "uv_size": [-30, -30]}
							}
						},
						{
							"origin": [-3.2, 9.9, -14.8],
							"size": [1, 1, 12],
							"uv": {
								"north": {"uv": [0, 98], "uv_size": [30, 30]},
								"east": {"uv": [0, 98], "uv_size": [30, 30]},
								"south": {"uv": [0, 98], "uv_size": [30, 30]},
								"west": {"uv": [0, 98], "uv_size": [30, 30]},
								"up": {"uv": [30, 128], "uv_size": [-30, -30]},
								"down": {"uv": [30, 128], "uv_size": [-30, -30]}
							}
						},
						{
							"origin": [-3.2, 9.4, -3.8],
							"size": [1, 1, 1],
							"uv": {
								"north": {"uv": [0, 98], "uv_size": [30, 30]},
								"east": {"uv": [0, 98], "uv_size": [30, 30]},
								"south": {"uv": [0, 98], "uv_size": [30, 30]},
								"west": {"uv": [0, 98], "uv_size": [30, 30]},
								"up": {"uv": [30, 128], "uv_size": [-30, -30]},
								"down": {"uv": [30, 128], "uv_size": [-30, -30]}
							}
						}
					]
				},
				{
					"name": "front",
					"parent": "root",
					"pivot": [9, 18.4, 0],
					"rotation": [0, 90, 0]
				},
				{
					"name": "bone8",
					"parent": "front",
					"pivot": [13, 18.4, 0],
					"cubes": [
						{
							"origin": [11.8, 1.9, -0.7],
							"size": [2.5, 1.7, 1],
							"uv": {
								"north": {"uv": [98, 0], "uv_size": [30, 30]},
								"east": {"uv": [98, 0], "uv_size": [30, 30]},
								"south": {"uv": [98, 0], "uv_size": [30, 30]},
								"west": {"uv": [98, 0], "uv_size": [30, 30]},
								"up": {"uv": [128, 30], "uv_size": [-30, -30]},
								"down": {"uv": [128, 30], "uv_size": [-30, -30]}
							}
						},
						{
							"origin": [12.5, 2.2, -1],
							"size": [1, 1, 1],
							"uv": {
								"north": {"uv": [98, 0], "uv_size": [30, 30]},
								"east": {"uv": [98, 0], "uv_size": [30, 30]},
								"south": {"uv": [98, 0], "uv_size": [30, 30]},
								"west": {"uv": [98, 0], "uv_size": [30, 30]},
								"up": {"uv": [128, 30], "uv_size": [-30, -30]},
								"down": {"uv": [128, 30], "uv_size": [-30, -30]}
							}
						}
					]
				},
				{
					"name": "bone14",
					"parent": "front",
					"pivot": [5, 18.4, 0],
					"cubes": [
						{
							"origin": [3.8, 1.9, -0.7],
							"size": [2.5, 1.7, 1],
							"uv": {
								"north": {"uv": [98, 0], "uv_size": [30, 30]},
								"east": {"uv": [98, 0], "uv_size": [30, 30]},
								"south": {"uv": [98, 0], "uv_size": [30, 30]},
								"west": {"uv": [98, 0], "uv_size": [30, 30]},
								"up": {"uv": [128, 30], "uv_size": [-30, -30]},
								"down": {"uv": [128, 30], "uv_size": [-30, -30]}
							}
						},
						{
							"origin": [4.5, 2.2, -1],
							"size": [1, 1, 1],
							"uv": {
								"north": {"uv": [98, 0], "uv_size": [30, 30]},
								"east": {"uv": [98, 0], "uv_size": [30, 30]},
								"south": {"uv": [98, 0], "uv_size": [30, 30]},
								"west": {"uv": [98, 0], "uv_size": [30, 30]},
								"up": {"uv": [128, 30], "uv_size": [-30, -30]},
								"down": {"uv": [128, 30], "uv_size": [-30, -30]}
							}
						}
					]
				},
				{
					"name": "bone9",
					"parent": "front",
					"pivot": [13, 18.4, 0],
					"cubes": [
						{
							"origin": [11.8, 1.9, -18.3],
							"size": [2.5, 1.7, 1],
							"uv": {
								"north": {"uv": [98, 0], "uv_size": [30, 30]},
								"east": {"uv": [98, 0], "uv_size": [30, 30]},
								"south": {"uv": [98, 0], "uv_size": [30, 30]},
								"west": {"uv": [98, 0], "uv_size": [30, 30]},
								"up": {"uv": [128, 30], "uv_size": [-30, -30]},
								"down": {"uv": [128, 30], "uv_size": [-30, -30]}
							}
						},
						{
							"origin": [12.5, 2.2, -18],
							"size": [1, 1, 1],
							"uv": {
								"north": {"uv": [98, 0], "uv_size": [30, 30]},
								"east": {"uv": [98, 0], "uv_size": [30, 30]},
								"south": {"uv": [98, 0], "uv_size": [30, 30]},
								"west": {"uv": [98, 0], "uv_size": [30, 30]},
								"up": {"uv": [128, 30], "uv_size": [-30, -30]},
								"down": {"uv": [128, 30], "uv_size": [-30, -30]}
							}
						}
					]
				},
				{
					"name": "bone10",
					"parent": "front",
					"pivot": [5, 18.4, 0],
					"cubes": [
						{
							"origin": [3.8, 1.9, -18.3],
							"size": [2.5, 1.7, 1],
							"uv": {
								"north": {"uv": [98, 0], "uv_size": [30, 30]},
								"east": {"uv": [98, 0], "uv_size": [30, 30]},
								"south": {"uv": [98, 0], "uv_size": [30, 30]},
								"west": {"uv": [98, 0], "uv_size": [30, 30]},
								"up": {"uv": [128, 30], "uv_size": [-30, -30]},
								"down": {"uv": [128, 30], "uv_size": [-30, -30]}
							}
						},
						{
							"origin": [4.5, 2.2, -18],
							"size": [1, 1, 1],
							"uv": {
								"north": {"uv": [98, 0], "uv_size": [30, 30]},
								"east": {"uv": [98, 0], "uv_size": [30, 30]},
								"south": {"uv": [98, 0], "uv_size": [30, 30]},
								"west": {"uv": [98, 0], "uv_size": [30, 30]},
								"up": {"uv": [128, 30], "uv_size": [-30, -30]},
								"down": {"uv": [128, 30], "uv_size": [-30, -30]}
							}
						}
					]
				},
				{
					"name": "right",
					"parent": "root",
					"pivot": [0, 18.4, -7],
					"rotation": [0, 180, 0],
					"cubes": [
						{
							"origin": [15, 1.4, 0],
							"size": [12, 1, 14],
							"pivot": [0, 18.4, 7],
							"rotation": [0, 90, 0],
							"uv": {
								"north": {"uv": [0, 0], "uv_size": [90, 90]},
								"east": {"uv": [0, 0], "uv_size": [90, 90]},
								"south": {"uv": [0, 0], "uv_size": [90, 90]},
								"west": {"uv": [0, 0], "uv_size": [90, 90]},
								"up": {"uv": [90, 90], "uv_size": [-90, -90]},
								"down": {"uv": [90, 90], "uv_size": [-90, -90]}
							}
						}
					]
				},
				{
					"name": "bone5",
					"parent": "right",
					"pivot": [0, 18.4, 20.5],
					"cubes": [
						{
							"origin": [28, 3.4, 13.5],
							"size": [0, 4.5, 14],
							"pivot": [0, 18.4, 20.5],
							"rotation": [0, 90, 0],
							"uv": {
								"north": {"uv": [0, 0], "uv_size": [90, 90]},
								"east": {"uv": [0, 0], "uv_size": [90, 90]},
								"south": {"uv": [0, 0], "uv_size": [90, 90]},
								"west": {"uv": [0, 0], "uv_size": [90, 90]},
								"up": {"uv": [90, 90], "uv_size": [-90, -90]},
								"down": {"uv": [90, 90], "uv_size": [-90, -90]}
							}
						},
						{
							"origin": [27.5, 7.9, 13.5],
							"size": [1, 1.5, 14],
							"pivot": [0, 18.4, 20.5],
							"rotation": [0, 90, 0],
							"uv": {
								"north": {"uv": [0, 0], "uv_size": [90, 90]},
								"east": {"uv": [0, 0], "uv_size": [90, 90]},
								"south": {"uv": [0, 0], "uv_size": [90, 90]},
								"west": {"uv": [0, 0], "uv_size": [90, 90]},
								"up": {"uv": [90, 90], "uv_size": [-90, -90]},
								"down": {"uv": [90, 90], "uv_size": [-90, -90]}
							}
						},
						{
							"origin": [27.5, 1.4, 13.5],
							"size": [1, 2, 14],
							"pivot": [0, 18.4, 20.5],
							"rotation": [0, 90, 0],
							"uv": {
								"north": {"uv": [0, 0], "uv_size": [90, 90]},
								"east": {"uv": [0, 0], "uv_size": [90, 90]},
								"south": {"uv": [0, 0], "uv_size": [90, 90]},
								"west": {"uv": [0, 0], "uv_size": [90, 90]},
								"up": {"uv": [90, 90], "uv_size": [-90, -90]},
								"down": {"uv": [90, 90], "uv_size": [-90, -90]}
							}
						}
					]
				},
				{
					"name": "bone4",
					"parent": "right",
					"pivot": [0, 18.4, 7.5],
					"cubes": [
						{
							"origin": [28, 3.4, 0.5],
							"size": [0, 4.5, 14],
							"pivot": [0, 18.4, 7.5],
							"rotation": [0, 90, 0],
							"uv": {
								"north": {"uv": [0, 0], "uv_size": [90, 90]},
								"east": {"uv": [0, 0], "uv_size": [90, 90]},
								"south": {"uv": [0, 0], "uv_size": [90, 90]},
								"west": {"uv": [0, 0], "uv_size": [90, 90]},
								"up": {"uv": [90, 90], "uv_size": [-90, -90]},
								"down": {"uv": [90, 90], "uv_size": [-90, -90]}
							}
						},
						{
							"origin": [27.5, 7.9, 0.5],
							"size": [1, 1.5, 14],
							"pivot": [0, 18.4, 7.5],
							"rotation": [0, 90, 0],
							"uv": {
								"north": {"uv": [0, 0], "uv_size": [90, 90]},
								"east": {"uv": [0, 0], "uv_size": [90, 90]},
								"south": {"uv": [0, 0], "uv_size": [90, 90]},
								"west": {"uv": [0, 0], "uv_size": [90, 90]},
								"up": {"uv": [90, 90], "uv_size": [-90, -90]},
								"down": {"uv": [90, 90], "uv_size": [-90, -90]}
							}
						},
						{
							"origin": [27.5, 1.4, 0.5],
							"size": [1, 2, 14],
							"pivot": [0, 18.4, 7.5],
							"rotation": [0, 90, 0],
							"uv": {
								"north": {"uv": [0, 0], "uv_size": [90, 90]},
								"east": {"uv": [0, 0], "uv_size": [90, 90]},
								"south": {"uv": [0, 0], "uv_size": [90, 90]},
								"west": {"uv": [0, 0], "uv_size": [90, 90]},
								"up": {"uv": [90, 90], "uv_size": [-90, -90]},
								"down": {"uv": [90, 90], "uv_size": [-90, -90]}
							}
						}
					]
				},
				{
					"name": "bone7",
					"parent": "right",
					"pivot": [-15.5, 18.4, 7],
					"cubes": [
						{
							"origin": [-0.5, 3.4, 15],
							"size": [12, 4.5, 0],
							"pivot": [-15.5, 18.4, 7],
							"rotation": [0, 90, 0],
							"uv": {
								"north": {"uv": [0, 0], "uv_size": [90, 90]},
								"east": {"uv": [0, 0], "uv_size": [90, 90]},
								"south": {"uv": [0, 0], "uv_size": [90, 90]},
								"west": {"uv": [0, 0], "uv_size": [90, 90]},
								"up": {"uv": [90, 90], "uv_size": [-90, -90]},
								"down": {"uv": [90, 90], "uv_size": [-90, -90]}
							}
						},
						{
							"origin": [11.5, 1.4, 27.5],
							"size": [1, 8, 1],
							"pivot": [-15.5, 18.4, 20],
							"rotation": [0, 90, 0],
							"uv": {
								"north": {"uv": [0, 0], "uv_size": [90, 90]},
								"east": {"uv": [0, 0], "uv_size": [90, 90]},
								"south": {"uv": [0, 0], "uv_size": [90, 90]},
								"west": {"uv": [0, 0], "uv_size": [90, 90]},
								"up": {"uv": [90, 90], "uv_size": [-90, -90]},
								"down": {"uv": [90, 90], "uv_size": [-90, -90]}
							}
						},
						{
							"origin": [-0.5, 7.9, 14.5],
							"size": [12, 1.5, 1],
							"pivot": [-15.5, 18.4, 7],
							"rotation": [0, 90, 0],
							"uv": {
								"north": {"uv": [0, 0], "uv_size": [90, 90]},
								"east": {"uv": [0, 0], "uv_size": [90, 90]},
								"south": {"uv": [0, 0], "uv_size": [90, 90]},
								"west": {"uv": [0, 0], "uv_size": [90, 90]},
								"up": {"uv": [90, 90], "uv_size": [-90, -90]},
								"down": {"uv": [90, 90], "uv_size": [-90, -90]}
							}
						},
						{
							"origin": [24.5, 1.4, 27.5],
							"size": [1, 8, 1],
							"pivot": [-15.5, 18.4, 20],
							"rotation": [0, 90, 0],
							"uv": {
								"north": {"uv": [0, 0], "uv_size": [90, 90]},
								"east": {"uv": [0, 0], "uv_size": [90, 90]},
								"south": {"uv": [0, 0], "uv_size": [90, 90]},
								"west": {"uv": [0, 0], "uv_size": [90, 90]},
								"up": {"uv": [90, 90], "uv_size": [-90, -90]},
								"down": {"uv": [90, 90], "uv_size": [-90, -90]}
							}
						},
						{
							"origin": [-0.5, 1.4, 14.5],
							"size": [12, 2, 1],
							"pivot": [-15.5, 18.4, 7],
							"rotation": [0, 90, 0],
							"uv": {
								"north": {"uv": [0, 0], "uv_size": [90, 90]},
								"east": {"uv": [0, 0], "uv_size": [90, 90]},
								"south": {"uv": [0, 0], "uv_size": [90, 90]},
								"west": {"uv": [0, 0], "uv_size": [90, 90]},
								"up": {"uv": [90, 90], "uv_size": [-90, -90]},
								"down": {"uv": [90, 90], "uv_size": [-90, -90]}
							}
						}
					]
				},
				{
					"name": "bone6",
					"parent": "right",
					"pivot": [-0.5, 18.4, 7],
					"cubes": [
						{
							"origin": [14.5, 3.4, 15],
							"size": [12, 4.5, 0],
							"pivot": [-0.5, 18.4, 7],
							"rotation": [0, 90, 0],
							"uv": {
								"north": {"uv": [0, 0], "uv_size": [90, 90]},
								"east": {"uv": [0, 0], "uv_size": [90, 90]},
								"south": {"uv": [0, 0], "uv_size": [90, 90]},
								"west": {"uv": [0, 0], "uv_size": [90, 90]},
								"up": {"uv": [90, 90], "uv_size": [-90, -90]},
								"down": {"uv": [90, 90], "uv_size": [-90, -90]}
							}
						},
						{
							"origin": [26.5, 1.4, 27.5],
							"size": [1, 8, 1],
							"pivot": [-0.5, 18.4, 20],
							"rotation": [0, 90, 0],
							"uv": {
								"north": {"uv": [0, 0], "uv_size": [90, 90]},
								"east": {"uv": [0, 0], "uv_size": [90, 90]},
								"south": {"uv": [0, 0], "uv_size": [90, 90]},
								"west": {"uv": [0, 0], "uv_size": [90, 90]},
								"up": {"uv": [90, 90], "uv_size": [-90, -90]},
								"down": {"uv": [90, 90], "uv_size": [-90, -90]}
							}
						},
						{
							"origin": [14.5, 7.9, 14.5],
							"size": [12, 1.5, 1],
							"pivot": [-0.5, 18.4, 7],
							"rotation": [0, 90, 0],
							"uv": {
								"north": {"uv": [0, 0], "uv_size": [90, 90]},
								"east": {"uv": [0, 0], "uv_size": [90, 90]},
								"south": {"uv": [0, 0], "uv_size": [90, 90]},
								"west": {"uv": [0, 0], "uv_size": [90, 90]},
								"up": {"uv": [90, 90], "uv_size": [-90, -90]},
								"down": {"uv": [90, 90], "uv_size": [-90, -90]}
							}
						},
						{
							"origin": [39.5, 1.4, 27.5],
							"size": [1, 8, 1],
							"pivot": [-0.5, 18.4, 20],
							"rotation": [0, 90, 0],
							"uv": {
								"north": {"uv": [0, 0], "uv_size": [90, 90]},
								"east": {"uv": [0, 0], "uv_size": [90, 90]},
								"south": {"uv": [0, 0], "uv_size": [90, 90]},
								"west": {"uv": [0, 0], "uv_size": [90, 90]},
								"up": {"uv": [90, 90], "uv_size": [-90, -90]},
								"down": {"uv": [90, 90], "uv_size": [-90, -90]}
							}
						},
						{
							"origin": [14.5, 1.4, 14.5],
							"size": [12, 2, 1],
							"pivot": [-0.5, 18.4, 7],
							"rotation": [0, 90, 0],
							"uv": {
								"north": {"uv": [0, 0], "uv_size": [90, 90]},
								"east": {"uv": [0, 0], "uv_size": [90, 90]},
								"south": {"uv": [0, 0], "uv_size": [90, 90]},
								"west": {"uv": [0, 0], "uv_size": [90, 90]},
								"up": {"uv": [90, 90], "uv_size": [-90, -90]},
								"down": {"uv": [90, 90], "uv_size": [-90, -90]}
							}
						}
					]
				},
				{
					"name": "left",
					"parent": "root",
					"pivot": [0, 18.4, 7]
				},
				{
					"name": "bone",
					"parent": "root",
					"pivot": [5, -0.6, 6.3]
				},
				{
					"name": "bone3",
					"parent": "bone",
					"pivot": [5.0035, -0.565, 3.0475]
				},
				{
					"name": "hexadecagon9",
					"parent": "bone3",
					"pivot": [5.0035, -0.565, -2.9525],
					"rotation": [0, 90, 0],
					"cubes": [
						{
							"origin": [4.59975, -0.0207, -13.4325],
							"size": [1, 1.4, 1],
							"uv": {
								"north": {"uv": [0, 98], "uv_size": [30, 30]},
								"east": {"uv": [0, 98], "uv_size": [30, 30]},
								"south": {"uv": [0, 98], "uv_size": [30, 30]},
								"west": {"uv": [0, 98], "uv_size": [30, 30]},
								"up": {"uv": [30, 128], "uv_size": [-30, -30]},
								"down": {"uv": [30, 128], "uv_size": [-30, -30]}
							}
						},
						{
							"origin": [-1.40025, -0.0207, -13.4325],
							"size": [1, 1.4, 1],
							"uv": {
								"north": {"uv": [0, 98], "uv_size": [30, 30]},
								"east": {"uv": [0, 98], "uv_size": [30, 30]},
								"south": {"uv": [0, 98], "uv_size": [30, 30]},
								"west": {"uv": [0, 98], "uv_size": [30, 30]},
								"up": {"uv": [30, 128], "uv_size": [-30, -30]},
								"down": {"uv": [30, 128], "uv_size": [-30, -30]}
							}
						},
						{
							"origin": [-1.40025, -0.0207, -3.4325],
							"size": [1, 1.4, 1],
							"uv": {
								"north": {"uv": [0, 98], "uv_size": [30, 30]},
								"east": {"uv": [0, 98], "uv_size": [30, 30]},
								"south": {"uv": [0, 98], "uv_size": [30, 30]},
								"west": {"uv": [0, 98], "uv_size": [30, 30]},
								"up": {"uv": [30, 128], "uv_size": [-30, -30]},
								"down": {"uv": [30, 128], "uv_size": [-30, -30]}
							}
						},
						{
							"origin": [-2.40025, -1.0207, -13.4325],
							"size": [9, 1, 1],
							"uv": {
								"north": {"uv": [0, 98], "uv_size": [30, 30]},
								"east": {"uv": [0, 98], "uv_size": [30, 30]},
								"south": {"uv": [0, 98], "uv_size": [30, 30]},
								"west": {"uv": [0, 98], "uv_size": [30, 30]},
								"up": {"uv": [30, 128], "uv_size": [-30, -30]},
								"down": {"uv": [30, 128], "uv_size": [-30, -30]}
							}
						},
						{
							"origin": [-2.40025, -1.0207, -3.4325],
							"size": [9, 1, 1],
							"uv": {
								"north": {"uv": [0, 98], "uv_size": [30, 30]},
								"east": {"uv": [0, 98], "uv_size": [30, 30]},
								"south": {"uv": [0, 98], "uv_size": [30, 30]},
								"west": {"uv": [0, 98], "uv_size": [30, 30]},
								"up": {"uv": [30, 128], "uv_size": [-30, -30]},
								"down": {"uv": [30, 128], "uv_size": [-30, -30]}
							}
						},
						{
							"origin": [4.59975, -0.0207, -3.4325],
							"size": [1, 1.4, 1],
							"uv": {
								"north": {"uv": [0, 98], "uv_size": [30, 30]},
								"east": {"uv": [0, 98], "uv_size": [30, 30]},
								"south": {"uv": [0, 98], "uv_size": [30, 30]},
								"west": {"uv": [0, 98], "uv_size": [30, 30]},
								"up": {"uv": [30, 128], "uv_size": [-30, -30]},
								"down": {"uv": [30, 128], "uv_size": [-30, -30]}
							}
						}
					]
				},
				{
					"name": "bone2",
					"parent": "bone",
					"pivot": [5, -0.6, 6.3]
				},
				{
					"name": "hexadecagon",
					"parent": "bone2",
					"pivot": [5, -0.2, 6.3],
					"rotation": [0, 90, 0],
					"cubes": [
						{
							"origin": [4.825, -1.58, 5.79122],
							"size": [1.97, 2.4, 1],
							"uv": {
								"north": {"uv": [98, 0], "uv_size": [30, 30]},
								"east": {"uv": [98, 0], "uv_size": [30, 30]},
								"south": {"uv": [98, 0], "uv_size": [30, 30]},
								"west": {"uv": [98, 0], "uv_size": [30, 30]},
								"up": {"uv": [128, 30], "uv_size": [-30, -30]},
								"down": {"uv": [128, 30], "uv_size": [-30, -30]}
							}
						},
						{
							"origin": [4.825, -1.67581, 6.02252],
							"size": [1.97, 2.4, 1],
							"pivot": [5.81, -0.15581, 6.52252],
							"rotation": [-45, 0, 0],
							"uv": {
								"north": {"uv": [98, 0], "uv_size": [30, 30]},
								"east": {"uv": [98, 0], "uv_size": [30, 30]},
								"south": {"uv": [98, 0], "uv_size": [30, 30]},
								"west": {"uv": [98, 0], "uv_size": [30, 30]},
								"up": {"uv": [128, 30], "uv_size": [-30, -30]},
								"down": {"uv": [128, 30], "uv_size": [-30, -30]}
							}
						},
						{
							"origin": [4.825, -1.90711, 6.11833],
							"size": [1.97, 2.4, 1],
							"pivot": [5.81, -0.38711, 6.61833],
							"rotation": [-90, 0, 0],
							"uv": {
								"north": {"uv": [98, 0], "uv_size": [30, 30]},
								"east": {"uv": [98, 0], "uv_size": [30, 30]},
								"south": {"uv": [98, 0], "uv_size": [30, 30]},
								"west": {"uv": [98, 0], "uv_size": [30, 30]},
								"up": {"uv": [128, 30], "uv_size": [-30, -30]},
								"down": {"uv": [128, 30], "uv_size": [-30, -30]}
							}
						},
						{
							"origin": [4.825, -2.13841, 6.02252],
							"size": [1.97, 2.4, 1],
							"pivot": [5.81, -0.61841, 6.52252],
							"rotation": [-135, 0, 0],
							"uv": {
								"north": {"uv": [98, 0], "uv_size": [30, 30]},
								"east": {"uv": [98, 0], "uv_size": [30, 30]},
								"south": {"uv": [98, 0], "uv_size": [30, 30]},
								"west": {"uv": [98, 0], "uv_size": [30, 30]},
								"up": {"uv": [128, 30], "uv_size": [-30, -30]},
								"down": {"uv": [128, 30], "uv_size": [-30, -30]}
							}
						}
					]
				},
				{
					"name": "hexadecagon3",
					"parent": "bone2",
					"pivot": [5, -0.2, -4.7],
					"rotation": [0, 90, 0],
					"cubes": [
						{
							"origin": [4.825, -1.58, -5.20878],
							"size": [1.97, 2.4, 1],
							"uv": {
								"north": {"uv": [98, 0], "uv_size": [30, 30]},
								"east": {"uv": [98, 0], "uv_size": [30, 30]},
								"south": {"uv": [98, 0], "uv_size": [30, 30]},
								"west": {"uv": [98, 0], "uv_size": [30, 30]},
								"up": {"uv": [128, 30], "uv_size": [-30, -30]},
								"down": {"uv": [128, 30], "uv_size": [-30, -30]}
							}
						},
						{
							"origin": [4.825, -1.67581, -4.97748],
							"size": [1.97, 2.4, 1],
							"pivot": [5.81, -0.15581, -4.47748],
							"rotation": [-45, 0, 0],
							"uv": {
								"north": {"uv": [98, 0], "uv_size": [30, 30]},
								"east": {"uv": [98, 0], "uv_size": [30, 30]},
								"south": {"uv": [98, 0], "uv_size": [30, 30]},
								"west": {"uv": [98, 0], "uv_size": [30, 30]},
								"up": {"uv": [128, 30], "uv_size": [-30, -30]},
								"down": {"uv": [128, 30], "uv_size": [-30, -30]}
							}
						},
						{
							"origin": [4.825, -1.90711, -4.88167],
							"size": [1.97, 2.4, 1],
							"pivot": [5.81, -0.38711, -4.38167],
							"rotation": [-90, 0, 0],
							"uv": {
								"north": {"uv": [98, 0], "uv_size": [30, 30]},
								"east": {"uv": [98, 0], "uv_size": [30, 30]},
								"south": {"uv": [98, 0], "uv_size": [30, 30]},
								"west": {"uv": [98, 0], "uv_size": [30, 30]},
								"up": {"uv": [128, 30], "uv_size": [-30, -30]},
								"down": {"uv": [128, 30], "uv_size": [-30, -30]}
							}
						},
						{
							"origin": [4.825, -2.13841, -4.97748],
							"size": [1.97, 2.4, 1],
							"pivot": [5.81, -0.61841, -4.47748],
							"rotation": [-135, 0, 0],
							"uv": {
								"north": {"uv": [98, 0], "uv_size": [30, 30]},
								"east": {"uv": [98, 0], "uv_size": [30, 30]},
								"south": {"uv": [98, 0], "uv_size": [30, 30]},
								"west": {"uv": [98, 0], "uv_size": [30, 30]},
								"up": {"uv": [128, 30], "uv_size": [-30, -30]},
								"down": {"uv": [128, 30], "uv_size": [-30, -30]}
							}
						}
					]
				},
				{
					"name": "hexadecagon4",
					"parent": "bone2",
					"pivot": [5, -0.2, 6.3],
					"rotation": [0, 90, 0],
					"cubes": [
						{
							"origin": [4.825, -1.58, -4.20878],
							"size": [1.97, 2.4, 1],
							"uv": {
								"north": {"uv": [98, 0], "uv_size": [30, 30]},
								"east": {"uv": [98, 0], "uv_size": [30, 30]},
								"south": {"uv": [98, 0], "uv_size": [30, 30]},
								"west": {"uv": [98, 0], "uv_size": [30, 30]},
								"up": {"uv": [128, 30], "uv_size": [-30, -30]},
								"down": {"uv": [128, 30], "uv_size": [-30, -30]}
							}
						},
						{
							"origin": [4.825, -8.74688, -1.04855],
							"size": [1.97, 2.4, 1],
							"pivot": [5.81, -0.15581, 6.52252],
							"rotation": [-45, 0, 0],
							"uv": {
								"north": {"uv": [98, 0], "uv_size": [30, 30]},
								"east": {"uv": [98, 0], "uv_size": [30, 30]},
								"south": {"uv": [98, 0], "uv_size": [30, 30]},
								"west": {"uv": [98, 0], "uv_size": [30, 30]},
								"up": {"uv": [128, 30], "uv_size": [-30, -30]},
								"down": {"uv": [128, 30], "uv_size": [-30, -30]}
							}
						},
						{
							"origin": [4.825, -11.90711, 6.11833],
							"size": [1.97, 2.4, 1],
							"pivot": [5.81, -0.38711, 6.61833],
							"rotation": [-90, 0, 0],
							"uv": {
								"north": {"uv": [98, 0], "uv_size": [30, 30]},
								"east": {"uv": [98, 0], "uv_size": [30, 30]},
								"south": {"uv": [98, 0], "uv_size": [30, 30]},
								"west": {"uv": [98, 0], "uv_size": [30, 30]},
								"up": {"uv": [128, 30], "uv_size": [-30, -30]},
								"down": {"uv": [128, 30], "uv_size": [-30, -30]}
							}
						},
						{
							"origin": [4.825, -9.20948, 13.09359],
							"size": [1.97, 2.4, 1],
							"pivot": [5.81, -0.61841, 6.52252],
							"rotation": [-135, 0, 0],
							"uv": {
								"north": {"uv": [98, 0], "uv_size": [30, 30]},
								"east": {"uv": [98, 0], "uv_size": [30, 30]},
								"south": {"uv": [98, 0], "uv_size": [30, 30]},
								"west": {"uv": [98, 0], "uv_size": [30, 30]},
								"up": {"uv": [128, 30], "uv_size": [-30, -30]},
								"down": {"uv": [128, 30], "uv_size": [-30, -30]}
							}
						}
					]
				},
				{
					"name": "hexadecagon5",
					"parent": "bone2",
					"pivot": [5, -0.2, -4.7],
					"rotation": [0, 90, 0],
					"cubes": [
						{
							"origin": [4.825, -1.58, -15.20878],
							"size": [1.97, 2.4, 1],
							"uv": {
								"north": {"uv": [98, 0], "uv_size": [30, 30]},
								"east": {"uv": [98, 0], "uv_size": [30, 30]},
								"south": {"uv": [98, 0], "uv_size": [30, 30]},
								"west": {"uv": [98, 0], "uv_size": [30, 30]},
								"up": {"uv": [128, 30], "uv_size": [-30, -30]},
								"down": {"uv": [128, 30], "uv_size": [-30, -30]}
							}
						},
						{
							"origin": [4.825, -8.74688, -12.04855],
							"size": [1.97, 2.4, 1],
							"pivot": [5.81, -0.15581, -4.47748],
							"rotation": [-45, 0, 0],
							"uv": {
								"north": {"uv": [98, 0], "uv_size": [30, 30]},
								"east": {"uv": [98, 0], "uv_size": [30, 30]},
								"south": {"uv": [98, 0], "uv_size": [30, 30]},
								"west": {"uv": [98, 0], "uv_size": [30, 30]},
								"up": {"uv": [128, 30], "uv_size": [-30, -30]},
								"down": {"uv": [128, 30], "uv_size": [-30, -30]}
							}
						},
						{
							"origin": [4.825, -11.90711, -4.88167],
							"size": [1.97, 2.4, 1],
							"pivot": [5.81, -0.38711, -4.38167],
							"rotation": [-90, 0, 0],
							"uv": {
								"north": {"uv": [98, 0], "uv_size": [30, 30]},
								"east": {"uv": [98, 0], "uv_size": [30, 30]},
								"south": {"uv": [98, 0], "uv_size": [30, 30]},
								"west": {"uv": [98, 0], "uv_size": [30, 30]},
								"up": {"uv": [128, 30], "uv_size": [-30, -30]},
								"down": {"uv": [128, 30], "uv_size": [-30, -30]}
							}
						},
						{
							"origin": [4.825, -9.20948, 2.09359],
							"size": [1.97, 2.4, 1],
							"pivot": [5.81, -0.61841, -4.47748],
							"rotation": [-135, 0, 0],
							"uv": {
								"north": {"uv": [98, 0], "uv_size": [30, 30]},
								"east": {"uv": [98, 0], "uv_size": [30, 30]},
								"south": {"uv": [98, 0], "uv_size": [30, 30]},
								"west": {"uv": [98, 0], "uv_size": [30, 30]},
								"up": {"uv": [128, 30], "uv_size": [-30, -30]},
								"down": {"uv": [128, 30], "uv_size": [-30, -30]}
							}
						}
					]
				}
			]
		}
	]
}